,fname,text
0,cel.app,"cel.app.   HR AI pal               app contact us signuplogin        fear of interviews?, no worries         crack your interviews with hraipal ðŸ¤ž         take a quick 10-minute mock interview and test your technical,     non technical and communication skils. Download your performance     report instantly. Try now for free âœ¨          get started for free ðŸš€           watch promo              what is hraipal?     empowering students with confidence     you can practice your interview by proving your job description     and your domain knowledge and skills.      completely free to use      realistic interview      experience       instant, insightful      feedback      personalized      preparation           our ai will ask questions just like how a hr asks and your     response will be validated. finally you will get your     performance report.       how hraipal works?     optimize your performance with hraipal        enter job description      a job role you are applying, domain experience, skillsets,     projects or any details that shows who you are. That's all     matters.        get on a call     don't feel anxious. regardless of what the question is, answer     boldly. no one's here to judge.     you got this.        get personalized feedback      this feedback will help you know where you need to get     stronger     always room for improvement, right?        -->    Subscribe To Our Newsletter       Submit now              crack your interviews with hraipal ðŸ¤ž. Test your skills now.        Contact us Tamil Nadu, India (+91) 7397551729      subash@hraipal.com             Â© inAtomLabs 2023 | All Rights Reserved        Sign Up   ðŸ™ˆ     already have an account?   login  Close   Submit    Login Login Close "
1,cel.app ,"cel.app .   HR AI pal               app contact us signuplogin        fear of interviews?, no worries         crack your interviews with hraipal ðŸ¤ž         take a quick 10-minute mock interview and test your technical,     non technical and communication skils. Download your performance     report instantly. Try now for free âœ¨          get started for free ðŸš€           watch promo              what is hraipal?     empowering students with confidence     you can practice your interview by proving your job description     and your domain knowledge and skills.      completely free to use      realistic interview      experience       instant, insightful      feedback      personalized      preparation           our ai will ask questions just like how a hr asks and your     response will be validated. finally you will get your     performance report.       how hraipal works?     optimize your performance with hraipal        enter job description      a job role you are applying, domain experience, skillsets,     projects or any details that shows who you are. That's all     matters.        get on a call     don't feel anxious. regardless of what the question is, answer     boldly. no one's here to judge.     you got this.        get personalized feedback      this feedback will help you know where you need to get     stronger     always room for improvement, right?        -->    Subscribe To Our Newsletter       Submit now              crack your interviews with hraipal ðŸ¤ž. Test your skills now.        Contact us Tamil Nadu, India (+91) 7397551729      subash@hraipal.com             Â© inAtomLabs 2023 | All Rights Reserved        Sign Up   ðŸ™ˆ     already have an account?   login  Close   Submit    Login Login Close "
2,cel.app about.html,"cel.app about.html.   AglieTech - IT Solutions & Technology Html5 Template           Home  Need help? (808) 555-0111   About Us Home Blog Post      ABOUT US IT is a critical component of modern businesses Lorem Ipsum is simply dummy text of the printing and typesetting industry Loreaim Ipsum has been the industry's standard dummy  Our Ambition Lorem is Ipsum is simply is design iomyi is text Lorem Ipsum is simply is our busi designer is our country.   Our Ambition Lorem is Ipsum is simply is design iomyi is text Lorem Ipsum is simply is our busi designer is our country.    CREATIVE SERVICES Your Partner In Digital Success   Mobile App Development Lorem is Ipsum is simply is design iomyi is text Lorem Ipsum is simply is our busi Lorem is Ipsum is Touch More   Content Marketing Lorem is Ipsum is simply is design iomyi is text Lorem Ipsum is simply is our busi Lorem is Ipsum is Touch More   E-commerce Solutions Lorem is Ipsum is simply is design iomyi is text Lorem Ipsum is simply is our busi Lorem is Ipsum is Touch More      SOME FAQ'S Creating digital masterpieces It is a long established fact that a reader will be distr acted bioiiy the end gail designa readable content of a page when looking.          What services do you offer?                   Many desktop publishing packages and web page editors now use Lorem Ipsum as their default model text, search for 'lorem ipsum' will uncover                   How long does it take for you to complete a project?                   Many desktop publishing packages and web page editors now use Lorem Ipsum as their default model text, search for 'lorem ipsum' will uncover                   How much does it cost to work with your agency?                   Many desktop publishing packages and web page editors now use Lorem Ipsum as their default model text, search for 'lorem ipsum' will uncover            MEET OUR EXPERTS Your Partner In Digital Success    Devon Lane Merketing Department    Darrell Steward It Department    Bessie Cooper Software Department     200+ Team member  10k+ Team member  200+ Team member  200+ Team member     GET IN TOUCH Bringing Your Vision To Life For your car we will do everything advice design in us repairs and maintenance. We are the some preferred.        Submit now    OUR SIMPLE PROCESS World Best Step Our It Process   Work 01 Software Research Research ipsum dolor sit consec tetur sed diam in the aliquam tempor   Work 02 Create Programs Create ipsum dolor sit consec tetur sed diam in the aliquam tempor   Work 03 Develope Software Develope ipsum dolor sit consec tetur sed diam in the aliquam tempor   Work 04 Shop software Shop ipsum dolor sit consec tetur Malesuada sed diam in the aliquam tempor    Subscribe To Our Newsletter Submit now    Melbourne is simply is dumiomy is text Lorem Ipsum is simply (+888) 123 456 765 (+888) 123 456 765       Our Service Ui Design Web design Digital marketing Video Editing Pc Repairs Web Development  Pay links Credit industrys Reasearch sector Finance Sector Credit industrys Reasearch sector Finance Sector  Contact us  january 11, 2023 Social Media For Promote Business.   january 11, 2023 Marketing For Base market watch    Â© Yoursitename 2023 | All Rights Reserved Trams & Condition Privacy Policy Contact Us       "
3,cel.app app.html,"cel.app app.html.   HR AI pal              blog blog blog details contact us        fear of interviews?, no worries         crack your interviews with hraipal ðŸ¤ž         take a quick 10-minute mock interview and test your technical,     non technical and communication skils. Download your performance     report instantly. Try now for free âœ¨    launch app ðŸš€     watch demo        "
4,cel.app blog 2.html,cel.app blog 2.html. The page could not be found NOT_FOUND 
5,cel.app blog 3.html,cel.app blog 3.html. The page could not be found NOT_FOUND 
6,cel.app blog 4.html,cel.app blog 4.html. The page could not be found NOT_FOUND 
7,cel.app blog details.html,"cel.app blog details.html.   hraipal           Home Contact Us  Need help?   Blog Details Home Blog Details      By Admin Category Cras varius. Donec vitae orci sed dolor rutrum auctor. Fusce egestas elit eget lorem. Suspendisse nisl elit, rhoncus eget elementum acondimentum eget, diam. Nam at tortor in tellus interdum sagitliquam lobortis. Donec orci lectus, aliquam ut, faucibus non, euismod id, nulla. Curabitur blandit mollis lacus. Nam adipiscing. Vestibulum eu odio. Vivamus laoreet. Lorem available market standard dummy text available market industry Lorem Ipsum simply dummy text of free available market.There are many variations of passages of Lorem Ipsum available, but the majority have suffered alteration in some form, sollicitudin nisi nulla eget augue. Maecenas quis turpaliquet, portorem et, dictum purus. Cdimentfermentposuere world class service provider Mark wood     Youâ€™re in Good Hands With Allstate It is a long established fact that a reader will be distracted by the readable content of a page when looking at its layout. The point of using Lorem Ipsum is that it has a more-or-less normal distribution of letters, as opposed to using 'Content here, content here', making it look like readable English It includes a key benefit It is a long established fact that a reader will be distracted by the readable content of a page when looking at its layout. The point of using Lorem Ipsum is that it has a more-or-less normal distribution of letters, as opposed to using 'Content here, content here', making it look like readable English Creating a Balanced and Nutritious iTechnology that helps grow companies Everything you need to succeed Lorem available market standard dummy text available market industry Lorem Ipsum simply dummy text of free available market.There are many variations of passages of Lorem Ipsum available, but the majority have suffered alteration in some form. Tag : Agency Marketing      Admin All the Lorem Ipsum generators on the Internet tend to repeat predefined chunks as necessary, making this the first true generator on the Internet. It uses a dictionary of over 200 Latin words, combined with a handful Leave a Reply Your E-mail address not be published  John ÎšÏŽÏƒÏ„Î±Ï‚ Doe Î¤Î¬Î´Îµ says: March 14, 2013 at 7:57 am Edit  Comment Depth 01 Reply  John ÎšÏŽÏƒÏ„Î±Ï‚ Doe Î¤Î¬Î´Îµ says: March 14, 2013 at 7:57 am Edit  Comment Depth 01 Reply  Leave a Reply     Post Comment    Leslie Alexander (480) 555-0103        Recent News  Empowering future with solar. 15 October   Marketing For Base market watch 15 October   Condtum Integer urna at faucibus 15 October      Subscribe To Our Newsletter Submit now    Melbourne is simply is dumiomy is text Lorem Ipsum is simply (+888) 123 456 765 (+888) 123 456 765         Contact us  january 11, 2023 Social Media For Promote Business.   january 11, 2023 Marketing For Base market watch    Â© Yoursitename 2023 | All Rights Reserved Trams & Condition Privacy Policy Contact Us       "
8,cel.app blog.html,"cel.app blog.html.   AglieTech - IT Solutions & Technology Html5 Template            Home IT / Softwer Agency SaaS App Landing Payments Solution Startup / Software Company Artificial Intelligence NFT Service Cyber Security Hardware Service ICO Landing Service Service 01 Service 02 Service 03 Service 04 Service 05 Service Single Pages About Us Team 01 Team 02 Team 03 Team Details Pricing 01 Pricing 02 Mega Menu  IT / Softwer Agency SaaS App Landing Payments Solution Startup / Software Company Artificial Intelligence NFT Service Cyber Security Hardware Service ICO Landing  Service 01 Service 02 Service 03 Service 04 Service 05 Service Single  Project 01 Project 02 Project 03 Case Study Details Pricing 01 Pricing 02  About Us Team 01 Team 02 Team 03 Team Details  Blog Blog 01 Blog 02 Blog 03 Blog 04 Blog Details Contact Us  Need help? (808) 555-0111   Blog Home Blog    15 DEC  By Admin Category A Beginner's Guide to Running a Successful Agricultural It is a long established fact that a reader will be distracted by the readable content of a page when looking at its layout. The point of using Lorem Ipsum is that it has a more-or-less normal distribut It is a long established fact that a reader will be distracted by the readable content of a page when looking at its layout. Touch More  15 DEC  By Admin Category Successful Agricultural Guide to Running Beginner It is a long established fact that a reader will be distracted by the readable content of a page when looking at its layout. The point of using Lorem Ipsum is that it has a more-or-less normal distribut It is a long established fact that a reader will be distracted by the readable content of a page when looking at its layout. Touch More  15 DEC  By Admin Category A Beginner's Guide to Running a Successful Agricultural It is a long established fact that a reader will be distracted by the readable content of a page when looking at its layout. The point of using Lorem Ipsum is that it has a more-or-less normal distribut It is a long established fact that a reader will be distracted by the readable content of a page when looking at its layout. Touch More  1 2 3 4   Leslie Alexander (480) 555-0103        Recent News  Empowering future with solar. 15 October   Marketing For Base market watch 15 October   Condtum Integer urna at faucibus 15 October  Catagory Business 3 Finance 7 Web Design 2 Counsiling 3 IT Service 5 Tags Information Learn ICT Business Portfolio Project Personal Server    Subscribe To Our Newsletter Submit now    Melbourne is simply is dumiomy is text Lorem Ipsum is simply (+888) 123 456 765 (+888) 123 456 765       Our Service Ui Design Web design Digital marketing Video Editing Pc Repairs Web Development  Pay links Credit industrys Reasearch sector Finance Sector Credit industrys Reasearch sector Finance Sector  Contact us  january 11, 2023 Social Media For Promote Business.   january 11, 2023 Marketing For Base market watch    Â© Yoursitename 2023 | All Rights Reserved Trams & Condition Privacy Policy Contact Us       "
9,cel.app contact.html,"cel.app contact.html.   hraipal             Home  Need help? mail us   Direct contact us?    For your car we will do everything advice, repairs and    maintenance. We are the some preferred choice by many car owners    because our experience and knowledge is selfe vident.For your car    we will do som everything.               Post Comment        Subscribe To Our Newsletter       Submit now              crack your interviews with hraipal ðŸ¤ž. Test your skills now.     (+91) 7397551729     subash@hraipal.com               january 11, 2023 hraipal.   january 11, 2023 inAtomlabs    Â© inAtomLabs 2023 | All Rights Reserved Terms & Condition Privacy Policy Contact Us       "
10,cel.app index 1.html,cel.app index 1.html. The page could not be found NOT_FOUND 
11,cel.app index 2.html,cel.app index 2.html. The page could not be found NOT_FOUND 
12,cel.app index 3.html,cel.app index 3.html. The page could not be found NOT_FOUND 
13,cel.app index 4.html,cel.app index 4.html. The page could not be found NOT_FOUND 
14,cel.app index 5.html,cel.app index 5.html. The page could not be found NOT_FOUND 
15,cel.app index 6.html,cel.app index 6.html. The page could not be found NOT_FOUND 
16,cel.app index 7.html,cel.app index 7.html. The page could not be found NOT_FOUND 
17,cel.app index 8.html,cel.app index 8.html. The page could not be found NOT_FOUND 
18,cel.app index 9.html,cel.app index 9.html. The page could not be found NOT_FOUND 
19,cel.app index.html,"cel.app index.html.   HR AI pal               app contact us signuplogin        fear of interviews?, no worries         crack your interviews with hraipal ðŸ¤ž         take a quick 10-minute mock interview and test your technical,     non technical and communication skils. Download your performance     report instantly. Try now for free âœ¨          get started for free ðŸš€           watch promo              what is hraipal?     empowering students with confidence     you can practice your interview by proving your job description     and your domain knowledge and skills.      completely free to use      realistic interview      experience       instant, insightful      feedback      personalized      preparation           our ai will ask questions just like how a hr asks and your     response will be validated. finally you will get your     performance report.       how hraipal works?     optimize your performance with hraipal        enter job description      a job role you are applying, domain experience, skillsets,     projects or any details that shows who you are. That's all     matters.        get on a call     don't feel anxious. regardless of what the question is, answer     boldly. no one's here to judge.     you got this.        get personalized feedback      this feedback will help you know where you need to get     stronger     always room for improvement, right?        -->    Subscribe To Our Newsletter       Submit now              crack your interviews with hraipal ðŸ¤ž. Test your skills now.        Contact us Tamil Nadu, India (+91) 7397551729      subash@hraipal.com             Â© inAtomLabs 2023 | All Rights Reserved        Sign Up   ðŸ™ˆ     already have an account?   login  Close   Submit    Login Login Close "
20,cel.app pricing 2.html,cel.app pricing 2.html. The page could not be found NOT_FOUND 
21,cel.app pricing.html,cel.app pricing.html. The page could not be found NOT_FOUND 
22,cel.app project 2.html,cel.app project 2.html. The page could not be found NOT_FOUND 
23,cel.app project 3.html,cel.app project 3.html. The page could not be found NOT_FOUND 
24,cel.app project details.html,cel.app project details.html. The page could not be found NOT_FOUND 
25,cel.app project.html,cel.app project.html. The page could not be found NOT_FOUND 
26,cel.app service 2.html,"cel.app service 2.html.   AglieTech - IT Solutions & Technology Html5 Template            Home IT / Softwer Agency SaaS App Landing Payments Solution Startup / Software Company Artificial Intelligence NFT Service Cyber Security Hardware Service ICO Landing Service Service 01 Service 02 Service 03 Service 04 Service 05 Service Single Pages About Us Team 01 Team 02 Team 03 Team Details Pricing 01 Pricing 02 Mega Menu  IT / Softwer Agency SaaS App Landing Payments Solution Startup / Software Company Artificial Intelligence NFT Service Cyber Security Hardware Service ICO Landing  Service 01 Service 02 Service 03 Service 04 Service 05 Service Single  Project 01 Project 02 Project 03 Case Study Details Pricing 01 Pricing 02  About Us Team 01 Team 02 Team 03 Team Details  Blog Blog 01 Blog 02 Blog 03 Blog 04 Blog Details Contact Us  Need help? (808) 555-0111   Service 02 Home Service 02      CloudCRM SaaS stands for Software as a Service. It is a software    CloudCRM SaaS stands for Software as a Service. It is a software    CloudCRM SaaS stands for Software as a Service. It is a software   Pricing plan Best plane to get our Services  $19 /mo Started Mobile App Development Branding & Identity Email Marketing & Automation E-commerce Solutions Social Media Management Video & Animation Production Started  $19 /mo Started Mobile App Development Branding & Identity Email Marketing & Automation E-commerce Solutions Social Media Management Video & Animation Production Started  $19 /mo Started Mobile App Development Branding & Identity Email Marketing & Automation E-commerce Solutions Social Media Management Video & Animation Production Started    Subscribe To Our Newsletter Submit now    Melbourne is simply is dumiomy is text Lorem Ipsum is simply (+888) 123 456 765 (+888) 123 456 765       Our Service Ui Design Web design Digital marketing Video Editing Pc Repairs Web Development  Pay links Credit industrys Reasearch sector Finance Sector Credit industrys Reasearch sector Finance Sector  Contact us  january 11, 2023 Social Media For Promote Business.   january 11, 2023 Marketing For Base market watch    Â© Yoursitename 2023 | All Rights Reserved Trams & Condition Privacy Policy Contact Us       "
27,cel.app service 3.html,cel.app service 3.html. The page could not be found NOT_FOUND 
28,cel.app service 4.html,cel.app service 4.html. The page could not be found NOT_FOUND 
29,cel.app service 5.html,cel.app service 5.html. The page could not be found NOT_FOUND 
30,cel.app service details.html,cel.app service details.html. The page could not be found NOT_FOUND 
31,cel.app service.html,cel.app service.html. The page could not be found NOT_FOUND 
32,cel.app team 2.html,cel.app team 2.html. The page could not be found NOT_FOUND 
33,cel.app team 3.html,cel.app team 3.html. The page could not be found NOT_FOUND 
34,cel.app team details.html,cel.app team details.html. The page could not be found NOT_FOUND 
35,cel.app team.html,cel.app team.html. The page could not be found NOT_FOUND 
